cohort,participant_id,intrinsic1_pre,intrinsic1_post,intrinsic2_pre,intrinsic2_post,intrinsic3_pre,intrinsic3_post,intrinsic4_pre,intrinsic4_post,identified1_pre,identified1_post,identified2_pre,identified2_post,identified3_pre,identified3_post,identified4_pre,identified4_post,external1_pre,external1_post,external2_pre,external2_post,external3_pre,external3_post,external4_pre,external4_post,amotivation1_pre,amotivation1_post,amotivation2_pre,amotivation2_post,amotivation3_pre,amotivation3_post,amotivation4_pre,amotivation4_post
growth_pattern,G001,2,4,3,4,3,3,3,4,5,6,5,7,4,6,6,6,3,4,3,3,4,4,3,4,2,2,2,2,3,1,3,3
growth_pattern,G002,3,5,4,5,5,4,5,4,4,5,4,5,5,5,5,5,3,2,2,2,3,4,4,3,3,2,3,3,2,1,2,3
growth_pattern,G003,4,6,5,5,4,5,5,5,3,5,4,4,4,3,4,5,3,4,3,4,2,3,2,4,2,2,1,2,2,2,4,2
growth_pattern,G004,3,5,5,5,4,4,5,3,6,5,4,4,4,5,4,6,2,1,2,2,2,2,1,2,3,2,3,2,3,2,4,4
growth_pattern,G005,2,4,3,3,2,3,3,4,3,3,2,3,3,4,3,3,3,4,3,2,4,2,3,3,2,1,2,1,2,2,2,1
growth_pattern,G006,5,5,3,5,4,4,5,5,4,3,3,2,3,3,3,4,4,3,5,4,4,3,5,3,2,2,4,2,3,3,1,1
growth_pattern,G007,5,6,3,5,4,5,5,5,5,5,4,5,3,5,5,4,3,2,3,4,3,4,4,4,4,2,4,1,4,2,2,2
growth_pattern,G008,6,5,5,6,6,6,4,7,4,7,5,7,6,5,4,6,4,4,4,4,4,4,4,3,4,3,3,3,2,2,4,2
growth_pattern,G009,5,5,5,5,4,4,4,5,4,5,5,5,4,5,5,4,2,2,3,3,3,3,3,4,2,3,3,2,2,2,2,1
growth_pattern,G010,4,5,4,5,4,3,4,4,4,6,5,6,5,5,6,5,3,3,3,3,2,2,2,2,3,2,3,2,3,2,3,2
growth_pattern,G011,4,4,3,5,4,4,4,4,3,6,4,5,4,5,5,4,4,4,4,5,5,3,4,4,3,3,2,3,3,3,3,2
growth_pattern,G012,3,5,3,5,5,5,3,5,4,4,3,4,5,4,4,5,2,2,2,4,2,2,3,3,4,3,3,2,3,1,2,2
growth_pattern,G013,6,5,5,4,5,4,5,4,4,4,2,3,2,3,2,4,2,2,2,3,2,3,3,4,3,2,1,2,3,2,1,2
growth_pattern,G014,6,6,6,7,6,6,5,7,4,4,5,5,4,4,3,5,6,6,6,6,6,7,6,7,3,1,2,1,2,1,2,1
growth_pattern,G015,5,5,5,5,5,6,4,6,3,3,3,4,3,4,3,4,3,4,3,4,4,3,4,3,2,2,2,3,2,3,4,3
growth_pattern,G016,3,2,2,4,3,4,2,3,3,6,4,5,5,4,4,4,4,5,3,4,3,3,5,4,3,3,4,3,3,1,2,3
growth_pattern,G017,3,4,4,6,4,4,4,5,5,6,6,5,6,5,6,7,4,3,4,3,2,3,2,3,2,2,3,3,3,2,4,1
growth_pattern,G018,4,5,5,5,5,5,4,6,5,6,3,6,5,4,5,5,3,5,2,2,3,4,3,3,3,2,2,3,3,2,3,3
growth_pattern,G019,6,6,5,7,6,7,6,6,4,3,5,4,4,5,4,5,3,3,3,3,4,2,3,2,2,3,3,3,2,2,3,3
growth_pattern,G020,6,7,5,6,5,7,6,5,3,4,3,4,5,4,3,4,5,3,3,4,4,4,4,3,3,3,4,3,2,3,4,2
growth_pattern,G021,6,6,4,6,5,5,5,6,4,5,4,6,6,5,3,5,3,3,3,3,4,3,3,4,2,2,3,2,1,1,2,1
growth_pattern,G022,4,5,5,5,4,6,5,5,2,4,3,4,2,5,4,3,5,3,5,4,5,4,5,4,3,2,1,2,2,3,2,2
growth_pattern,G023,5,4,4,5,4,4,5,5,5,5,5,5,5,4,5,6,2,3,2,2,1,3,2,2,5,4,4,3,5,4,5,3
growth_pattern,G024,4,4,4,5,3,5,3,5,4,4,4,6,3,5,4,5,3,3,3,2,3,4,3,3,2,2,2,1,2,1,1,2
growth_pattern,G025,5,4,6,7,5,6,6,6,3,4,2,2,4,4,3,4,4,3,4,4,4,4,3,5,2,2,1,2,2,2,3,2
growth_pattern,G026,2,4,4,4,3,3,4,5,5,5,6,5,5,6,5,5,4,4,2,4,3,3,3,5,1,1,1,1,2,1,2,2
growth_pattern,G027,3,4,3,4,4,5,4,5,5,6,4,5,4,7,4,6,3,3,4,3,4,4,4,2,3,2,3,1,3,2,2,1
growth_pattern,G028,4,4,5,6,4,7,5,6,5,7,5,6,5,6,5,6,3,4,4,4,4,4,3,3,2,2,1,1,2,2,2,3
growth_pattern,G029,4,5,3,4,3,4,4,4,4,5,4,6,5,6,6,7,2,2,3,3,4,2,2,2,2,1,1,2,2,1,1,1
growth_pattern,G030,3,3,4,4,3,4,3,5,4,4,3,3,3,4,3,4,4,4,3,4,3,3,2,4,3,1,3,3,3,1,3,3
growth_pattern,G031,4,4,4,6,4,6,4,5,5,5,4,5,5,5,4,5,2,3,3,3,3,5,2,3,3,3,3,2,3,2,4,2
growth_pattern,G032,2,2,2,5,2,4,3,4,3,5,4,4,4,4,3,4,4,3,2,4,4,4,4,4,3,1,4,2,3,2,4,2
growth_pattern,G033,4,5,5,5,2,5,4,4,4,4,3,5,4,4,4,4,3,3,3,3,3,3,3,2,3,2,4,2,2,3,2,4
growth_pattern,G034,5,4,4,5,4,4,4,4,5,6,4,5,4,5,5,6,4,3,5,4,3,3,5,3,2,1,2,1,1,2,1,1
growth_pattern,G035,3,4,3,3,4,3,3,3,4,5,4,4,3,4,4,5,3,4,3,4,2,2,3,3,2,1,1,1,2,1,2,1
growth_pattern,G036,4,4,3,5,3,5,4,4,5,6,4,5,5,5,3,5,4,2,3,2,3,3,2,3,3,2,3,2,3,1,2,1
growth_pattern,G037,4,5,4,5,3,5,3,4,4,5,3,4,4,4,5,3,3,2,2,3,2,3,3,3,3,2,2,1,3,2,3,2
growth_pattern,G038,2,3,2,3,3,3,2,4,4,6,4,5,4,4,5,4,3,3,3,4,2,2,2,4,4,3,4,2,3,3,4,3
growth_pattern,G039,4,7,4,5,4,5,5,5,3,3,3,2,3,4,2,4,5,3,3,4,4,4,3,3,2,1,2,2,3,2,4,1
growth_pattern,G040,4,6,5,6,5,6,5,6,3,4,4,4,3,4,3,4,3,4,5,5,4,3,4,4,1,1,2,1,3,1,2,1
growth_pattern,G041,5,4,3,3,4,5,5,4,4,4,5,5,4,4,5,4,1,2,2,1,3,1,2,2,3,3,2,1,3,2,3,2
growth_pattern,G042,5,5,4,6,4,5,5,5,3,4,3,4,3,5,4,5,3,3,3,4,4,4,3,4,3,2,3,2,4,3,3,2
growth_pattern,G043,4,5,4,6,4,6,4,5,3,5,4,4,4,5,4,5,4,4,4,3,3,4,4,4,5,4,4,4,4,4,4,3
growth_pattern,G044,4,5,4,4,6,5,4,7,4,5,4,6,4,6,4,5,3,3,4,5,4,4,4,4,3,3,2,2,3,2,3,2
growth_pattern,G045,5,5,5,4,6,5,5,5,4,4,4,5,3,4,5,4,4,3,3,5,4,4,3,5,3,3,4,3,3,2,2,3
growth_pattern,G046,3,5,2,4,3,6,3,5,4,5,6,5,4,5,4,4,3,4,4,4,4,5,4,5,3,2,1,3,3,2,3,2
growth_pattern,G047,4,5,5,5,5,6,5,6,4,6,5,6,5,6,5,7,3,4,3,2,3,4,3,3,3,3,3,4,4,3,5,3
growth_pattern,G048,3,3,3,5,2,4,3,4,3,5,3,3,3,3,3,3,5,4,3,3,4,3,4,4,3,1,2,1,2,1,2,3
growth_pattern,G049,5,6,5,6,5,6,5,6,3,4,3,3,3,3,3,3,4,4,4,3,4,3,4,3,3,1,2,1,3,2,4,2
growth_pattern,G050,5,4,4,6,4,5,4,5,5,4,4,5,4,5,4,5,5,4,5,5,5,5,5,5,3,3,4,3,3,2,3,2
growth_pattern,G051,4,4,4,5,5,5,5,5,3,3,4,3,3,3,4,3,4,5,3,4,3,4,4,4,2,2,1,1,1,2,1,1
growth_pattern,G052,6,4,4,4,3,4,4,6,4,4,4,4,4,3,3,4,3,2,2,2,2,2,2,2,2,1,1,1,3,1,1,2
growth_pattern,G053,4,5,3,6,4,5,3,5,2,4,2,5,2,4,3,3,3,3,3,2,3,2,3,3,4,4,2,3,3,2,4,3
stable_pattern,S001,3,4,3,4,4,4,4,5,5,3,5,5,4,5,4,5,3,3,2,2,2,3,2,2,3,4,3,3,3,3,3,2
stable_pattern,S002,3,2,3,2,2,3,2,3,4,4,3,3,3,3,3,4,3,2,2,2,3,3,3,2,3,3,3,3,2,3,2,2
stable_pattern,S003,4,5,3,3,3,3,3,3,5,6,5,6,5,6,5,5,4,4,4,5,4,4,5,4,3,4,3,4,3,3,2,3
stable_pattern,S004,3,4,3,4,4,4,5,4,5,5,5,5,5,7,4,5,5,3,4,3,5,4,5,5,2,3,3,4,2,3,3,4
stable_pattern,S005,5,6,5,6,5,5,4,5,4,4,4,4,5,4,3,4,3,2,3,4,3,3,3,2,5,4,3,4,4,4,3,4
stable_pattern,S006,5,5,4,4,5,4,4,4,5,4,3,4,3,4,5,4,4,3,4,3,3,3,4,5,2,1,1,1,1,2,2,1
stable_pattern,S007,5,6,5,4,5,5,5,5,4,4,4,4,4,5,4,4,3,4,5,3,4,4,3,4,2,1,2,1,2,3,2,2
stable_pattern,S008,4,3,5,5,3,4,5,4,3,4,3,2,5,3,3,4,1,3,3,3,3,4,1,3,5,4,5,5,5,5,5,4
stable_pattern,S009,4,6,5,5,6,5,6,5,4,4,4,4,6,4,4,5,2,3,3,3,3,3,3,2,3,3,4,3,2,4,4,3
stable_pattern,S010,6,7,7,7,6,7,6,6,4,5,5,3,3,5,4,3,2,3,3,2,3,1,4,2,3,2,2,2,2,2,3,3
stable_pattern,S011,5,4,3,4,5,5,4,4,5,6,5,5,5,4,5,5,2,2,3,3,4,4,3,3,3,3,3,4,2,2,2,3
stable_pattern,S012,5,5,5,4,5,5,5,5,3,2,3,4,2,2,3,3,2,3,1,2,3,2,2,2,2,3,3,3,3,2,2,2
stable_pattern,S013,6,6,3,4,5,6,5,6,5,5,4,5,4,3,5,3,3,3,3,3,3,4,2,5,3,4,3,3,3,2,3,3
stable_pattern,S014,4,5,5,5,5,4,5,4,6,6,6,5,4,6,7,6,5,5,4,5,5,5,5,5,5,4,4,5,4,4,5,6
stable_pattern,S015,5,6,6,4,5,4,5,5,4,3,3,3,2,3,3,3,4,4,3,3,4,3,4,4,4,4,4,4,4,3,3,4
stable_pattern,S016,4,4,4,3,4,4,4,4,3,4,4,4,5,3,3,2,4,5,5,4,4,4,3,4,3,3,3,3,3,3,4,4
stable_pattern,S017,3,4,4,5,3,4,4,4,4,3,3,4,3,4,3,4,3,3,4,4,3,4,4,4,5,4,4,5,4,4,4,5
stable_pattern,S018,5,6,6,4,5,5,4,5,3,3,4,3,3,2,4,2,6,5,4,4,5,5,3,6,4,3,3,3,3,4,4,3
stable_pattern,S019,3,4,3,3,4,4,4,4,5,4,5,5,5,5,6,5,2,3,3,4,5,3,3,3,2,2,3,2,3,2,2,2
stable_pattern,S020,5,6,7,6,5,6,6,6,3,3,3,3,3,3,4,3,5,4,6,5,5,6,4,5,5,5,5,4,4,3,5,4
stable_pattern,S021,6,5,5,6,6,5,6,5,4,3,5,5,5,3,4,4,4,4,4,3,3,3,5,4,4,3,4,4,5,5,3,5
stable_pattern,S022,6,5,4,5,4,5,5,5,4,5,6,4,5,5,5,5,4,3,3,4,3,4,3,2,2,3,2,3,2,2,2,2
stable_pattern,S023,5,4,4,4,5,4,4,5,4,5,5,5,4,4,4,5,2,3,2,3,3,2,1,3,4,3,3,4,3,3,4,4
stable_pattern,S024,5,3,5,4,2,5,4,3,4,4,3,4,4,4,4,3,1,2,3,2,3,1,3,2,1,2,2,2,1,2,2,2
stable_pattern,S025,2,3,2,2,4,3,3,2,4,4,3,4,5,3,4,4,3,2,3,3,4,2,3,5,1,1,1,1,1,2,2,1
stable_pattern,S026,5,4,6,6,5,5,6,6,4,3,4,5,4,3,5,5,4,4,4,4,4,4,4,4,3,2,2,3,3,3,2,3
stable_pattern,S027,4,4,3,4,5,4,4,4,5,4,5,5,5,4,5,4,2,2,2,2,2,1,1,1,4,2,3,4,2,5,5,4
stable_pattern,S028,3,3,3,3,4,3,4,3,4,2,4,3,3,3,3,3,4,4,4,3,3,4,3,3,3,2,4,3,4,4,3,2
stable_pattern,S029,5,6,5,5,6,5,4,5,4,3,4,5,4,4,4,4,2,4,4,4,3,3,3,3,2,3,3,2,2,3,3,3
stable_pattern,S030,4,6,6,4,5,5,6,5,4,2,3,3,3,3,3,5,4,3,3,3,4,2,2,3,3,3,4,2,3,2,4,3
stable_pattern,S031,6,4,7,6,6,6,5,6,4,4,5,4,4,5,5,4,3,4,2,3,2,3,3,3,3,4,3,5,3,4,3,4
stable_pattern,S032,1,3,3,1,2,2,2,3,5,5,5,5,4,5,4,6,3,2,3,3,3,4,3,3,4,4,3,4,2,3,3,3
stable_pattern,S033,4,4,4,4,4,3,5,4,6,6,5,6,7,6,6,6,3,3,3,3,2,3,2,2,3,4,3,2,2,3,3,2
stable_pattern,S034,4,5,4,5,4,5,5,5,4,5,4,5,4,5,5,6,5,5,5,4,5,4,6,4,3,4,4,4,3,4,3,4
stable_pattern,S035,5,5,5,5,4,4,4,5,2,2,3,3,4,2,3,3,4,4,4,4,3,3,2,5,3,2,2,3,3,3,1,2
stable_pattern,S036,5,5,5,5,4,5,5,5,6,6,5,6,5,5,6,5,4,4,4,5,4,3,4,3,3,3,3,4,3,2,4,2
stable_pattern,S037,5,6,6,6,6,6,5,6,4,5,5,6,4,6,4,5,3,2,3,2,4,2,3,3,3,2,3,4,3,4,4,4
stable_pattern,S038,4,5,5,5,5,5,5,5,5,4,5,5,6,5,5,6,5,4,4,4,5,4,5,3,2,1,2,2,3,3,3,2
stable_pattern,S039,4,4,5,4,4,4,4,5,6,5,6,4,6,4,5,6,4,3,4,4,5,4,5,4,3,3,4,3,2,3,4,3
stable_pattern,S040,3,3,4,5,3,3,4,4,5,4,6,5,6,6,5,5,2,4,4,5,4,4,4,4,2,1,2,3,2,3,2,1
stable_pattern,S041,5,6,6,6,5,5,6,5,3,4,3,3,2,3,3,2,3,4,4,4,4,4,5,3,1,2,3,4,3,3,2,3
stable_pattern,S042,3,3,3,3,3,3,4,4,3,2,4,2,3,4,3,3,3,4,4,2,3,3,3,5,4,3,1,3,3,4,3,3
stable_pattern,S043,4,4,5,4,3,4,5,4,6,5,6,6,6,6,5,5,5,4,3,4,5,5,5,5,4,3,3,3,3,2,3,2
stable_pattern,S044,4,3,3,4,4,5,4,5,5,6,4,5,5,5,5,5,4,5,4,4,5,4,4,4,2,3,1,2,3,3,2,3
stable_pattern,S045,5,3,3,4,5,3,4,4,5,4,5,5,5,3,4,5,4,3,3,3,2,4,3,4,4,3,3,4,3,3,3,4
stable_pattern,S046,4,3,3,4,5,3,3,3,3,3,3,3,4,3,3,4,3,4,2,4,3,4,3,2,3,2,2,2,1,2,2,3
stable_pattern,S047,3,4,5,4,4,3,4,4,6,6,5,5,5,6,6,6,2,2,2,3,2,1,2,2,4,5,4,3,4,4,3,4
stable_pattern,S048,4,5,5,5,4,4,4,5,5,6,5,6,6,5,6,6,3,3,3,4,3,4,4,5,2,2,2,4,3,3,2,3
stable_pattern,S049,4,5,5,6,5,5,5,6,3,4,5,3,4,4,4,4,4,4,4,4,3,4,4,2,3,4,3,3,4,4,4,4
stable_pattern,S050,3,4,2,4,3,4,4,4,4,4,4,4,5,5,5,5,2,2,3,3,2,3,2,1,2,3,3,3,3,3,2,3
stable_pattern,S051,5,4,5,4,4,5,5,4,4,5,4,4,4,4,4,3,4,3,3,3,3,3,4,2,2,2,2,2,2,2,4,3
stable_pattern,S052,4,4,5,5,5,4,3,5,4,5,5,4,4,5,5,5,4,3,3,4,4,3,5,4,5,4,4,3,3,4,6,5
